{
  "0": [
    3951138.3620334105,
    3981722.9919072837,
    3961448.2190006915,
    3943140.0111751338,
    3977823.1225729184,
    3930052.1700189337
  ],
  "1": [
    3908279.538884287,
    3943826.6112654908,
    3964232.436647071,
    3906224.295904763,
    3978194.3131038207,
    3967138.5004102597,
    3944341.5883001536,
    3927200.3268491714,
    3983638.571254394,
    4046015.322943005,
    3915574.1089887526,
    3982750.1350735165,
    3908838.210423582,
    3972110.8406841303,
    3915028.4977635113,
    3907382.4667216297,
    3911185.408637112,
    4046383.0328995744,
    3993760.545942984,
    3932500.460712021,
    3928463.5433289027,
    4040283.546190332,
    3936832.0985774817,
    3932383.917167217,
    4008201.1947089164,
    3965101.539650568,
    3912715.617420771,
    3936013.687027102,
    3971197.6401042487,
    3914558.5383600034,
    4096449.844879545,
    3916190.687711471,
    3917470.539454156,
    3969362.300530604,
    3968406.140019471
  ],
  "2": [
    3937084.8565355446,
    4086898.1157764303,
    4035938.0674903104,
    3904106.928436131,
    3915983.6116340314,
    3987912.7392429444,
    4044839.0339121316,
    3931352.4486031067,
    3984479.3375054332,
    4036960.0438874117,
    3922926.3372959406,
    3927586.4668224854,
    3976453.6731560053,
    3956991.2929613926,
    3926623.300198045,
    4094651.1928706313,
    4027194.6026083925,
    3936977.7908359207,
    3968733.9731721645,
    3994027.161818198,
    4039668.883537421,
    3953000.727371671,
    3933042.7201971393,
    3928864.192366038,
    3949636.3271036926,
    3989113.624299353,
    4064380.1799923535,
    4063137.064270532,
    4084504.704226718,
    3911238.3389691217,
    3902805.1270938,
    4043485.154499283,
    3951267.4080301,
    3956830.1267817994,
    3950421.361018146,
    3936415.1574367615,
    4001423.214763471,
    3965424.5632212264,
    4011575.388198006,
    3977924.687698364,
    3954586.6794370655,
    3994066.55201879,
    3942995.224058385,
    3930629.40955041,
    3966813.6775684343,
    3909406.082416819,
    4001885.4265361982,
    3914109.137443671,
    4082328.255650685,
    4003591.212571695,
    3903915.5253167944,
    3985040.9298180155,
    3959884.4610880762,
    3907422.247023865,
    3939423.084642241,
    4009616.097589748,
    3983788.4531794856,
    3947133.345094088,
    3902203.7214466785,
    3984807.832873148,
    4061746.744934937,
    3965165.5338744605,
    3991378.9828138375,
    3937519.0923575386,
    3998712.2550180885,
    3914613.879201033,
    3902742.438513215,
    3994510.0925076674,
    4017738.2690652474
  ],
  "3": [
    3903732.681131795,
    3944282.6574410587,
    3951039.485636551,
    3974931.5169362556,
    3915805.092237371,
    4005567.539854282,
    3942039.1597661027,
    4045210.0944153415,
    3982957.9640533403,
    3927150.205397215,
    3925034.37899415,
    4047339.9963813354,
    4094285.092982134,
    3907266.877146685,
    3959569.2429175614,
    4046590.7734159497,
    4060672.8647759333,
    3947713.0519535793,
    3926105.419139022,
    3969750.270232414,
    3966058.7416153834,
    3954997.2201352497,
    3946593.8496048097,
    4022751.4198268587,
    4025632.263084218,
    4046696.7514144788,
    4070273.764297699,
    3949682.624785647,
    3991374.650425421,
    3952322.029882334,
    3990705.806709009,
    3968982.1109405444,
    4052597.4026656244,
    3912693.688021903,
    4012598.347185453,
    3976138.847664305,
    3943025.34849206,
    3955331.546252547,
    3993013.4760461557,
    3976206.644999355,
    3938238.229982167,
    3906768.832691274,
    4002276.0840238533,
    3922900.685776712,
    3976859.8734933217,
    3905594.9485012917,
    3969672.8145512748,
    3972166.9332071613,
    4054316.613289439,
    3904890.902868317,
    3919150.8595017386,
    3937226.847059754,
    4006975.2270190725,
    3987428.494549047,
    3903837.187291336,
    3998975.443770204,
    3992108.650819057,
    3923785.087838902,
    3935100.216883139,
    3932641.4298438015,
    3984285.6995233516,
    3994629.4765244373,
    3922948.1433716076,
    3988441.1299212207,
    4060421.331301462,
    3998685.5536755705,
    3912366.972003908,
    3919741.4580248706,
    4001646.8230894217,
    4042170.3946321853,
    3954913.047859703,
    3979734.671704646,
    4009815.550455725,
    4045379.5430419315,
    3939025.562395717,
    3951653.4238627343,
    3960120.5410954556,
    4061327.8132679453,
    3902744.215625296,
    3980895.3996945275,
    3928767.3764097714,
    3967449.9566211165,
    3935671.101576114,
    3904737.9762536353,
    3979751.8588224994,
    4039695.7299573915,
    4095319.949435786,
    3960840.3881893777,
    4022431.3797832723,
    4011583.9065890275,
    4002295.288939227,
    3949148.403654883,
    3940544.896389366,
    3995510.1045870986,
    3943550.16014556,
    3914125.1938570756,
    3954675.8866033135,
    3984675.0429549525,
    4043920.7211543056,
    3952177.00051573,
    3948598.968769689,
    3911347.2523450064,
    3983471.806061575,
    4000514.1235577515,
    4000376.3808243065,
    4012562.9809208964,
    3915229.627950771
  ],
  "4": [
    3949995.4623071183,
    3912974.7280037766,
    4034676.9626254444,
    3986079.7072764435,
    3900494.5921015292,
    4072782.1911388338,
    3969094.6923164455,
    4019040.6684480524,
    4031365.835677185,
    3950295.4009676073,
    3997003.550307743,
    4041865.614507659,
    4081955.344275596,
    4047781.56991776,
    3925778.3591277674,
    3935072.7124433042,
    3974035.744696752,
    4009823.548711145,
    3948427.64072478,
    3917615.702477139,
    4022329.274793174,
    3985976.314025966,
    4039383.6840252457,
    4005849.213339741,
    4077778.962917826,
    3945210.705614966,
    3959505.4765920565,
    3973531.0573607315,
    4061148.5515671615,
    3992668.5291363746,
    4080111.496049492,
    3917784.916137734,
    3956856.484678652,
    3966552.439138721,
    3988148.9590900787,
    4015813.007689337,
    4082979.068938919,
    3913953.841098414,
    3910892.897579156,
    3970991.311016378,
    3935734.654176448,
    3946445.6188720954,
    4040861.854486716,
    4002606.6040907484,
    4081698.0194110004,
    4078004.7500553145,
    3913114.947227718,
    4098952.085569889,
    4045933.055384494,
    4012908.34415653,
    4046474.530999059,
    3987477.2437799787,
    4078809.812104927,
    4042286.6333604823,
    3911754.2368405843,
    4022756.058840276,
    3921718.239263627,
    4062377.605323278,
    4000099.3462461815,
    3988257.2167080385,
    3943199.8451146833,
    3918405.6056651347,
    3985322.004631899,
    4027198.1628777552,
    3979738.5258790357,
    4008151.7260725503,
    4086744.9774715477,
    3975270.6065202705,
    3900619.705303605,
    3954510.168993121,
    3937899.362415029,
    3972810.412133208,
    4097280.727923594,
    3959948.53065793,
    3927723.2041434194,
    3916033.150272607,
    3935070.9060693695,
    3964800.363486062,
    3909343.1204103967,
    4081571.1190424985,
    3981147.553992624,
    4028229.136237424,
    3996949.5774885397,
    3994339.269947159,
    4028766.933406399,
    3915040.0229001464,
    4012938.5912211733,
    4084714.454302239,
    3971273.2917397693,
    4035196.2142855083,
    4012505.731363055,
    3949334.8585219337,
    3943711.2149843858,
    3967714.6166998823,
    3975099.0574044143,
    4010028.0820044377,
    3905309.2222148706,
    3949294.2922443287,
    3955741.176357546,
    3963181.5064765825,
    4058589.2541195364,
    4046702.1392835104,
    3975423.8576929574,
    4028430.696676044,
    3938005.057759335,
    3927874.441373566,
    4002884.950972485,
    3938757.298153394,
    4038114.7587123537,
    3982205.327658335,
    3992978.2956166654
  ],